时间,动作,用户名,数值,余额,标记
2019-11-19T00:23:18.831,#add_diamond,abcdefa12345,-0.3,0.7,unlock_hero
2019-11-19T00:32:04.074,#add_diamond,abcdefa12345,-0.3,0.39999999999999997,charge
2019-11-19T06:25:45.761,#add_diamond,eostoken5552,-0.01,0.14,tradesub
2019-11-19T06:25:45.761,#add_diamond,kissmebaby22,0.0095,0.038,tradeadd
2019-11-19T06:40:21.656,#add_diamond,xudabing1234,-0.2958,19.7195,tradesub
2019-11-19T06:40:21.656,#add_diamond,ryin52rita52,0.28101,9.227499999999996,tradeadd
2019-11-19T06:40:25.660,#add_diamond,eostoken5552,-0.01,0.13,tradesub
2019-11-19T06:40:25.660,#add_diamond,ryin52rita52,0.0095,9.508509999999996,tradeadd
2019-11-19T06:40:45.178,#add_diamond,eostoken5552,-0.01,0.12000000000000001,tradesub
2019-11-19T06:40:45.178,#add_diamond,525252kemina,0.0095,0.13799999999999998,tradeadd
2019-11-19T09:03:01.519,#add_diamond,xudabing1234,-0.3,19.4237,tradesub
2019-11-19T09:03:01.519,#add_diamond,showtimetome,0.285,0.02329999999999997,tradeadd
2019-11-19T09:03:18.287,#add_diamond,xudabing1234,-0.3,19.1237,tradesub
2019-11-19T09:03:18.287,#add_diamond,showtimetome,0.285,0.30829999999999996,tradeadd
2019-11-19T09:03:47.554,#add_diamond,xudabing1234,-0.2958,18.8237,tradesub
2019-11-19T09:03:47.554,#add_diamond,525252kemina,0.28101,0.1475,tradeadd
2019-11-19T09:11:11.229,#add_diamond,abcdefa12345,-0.01,0.09999999999999998,tradesub
2019-11-19T09:11:11.229,#add_diamond,cchwhy112345,0.0095,1.4283,tradeadd
2019-11-19T09:11:14.982,#add_diamond,abcdefa12345,-0.01,0.08999999999999998,tradesub
2019-11-19T09:11:14.982,#add_diamond,cchwhy112345,0.0095,1.4378,tradeadd
2019-11-19T09:20:13.702,#add_diamond,showtimetome,-0.59,0.5932999999999999,unexchange
2019-11-19T09:37:01.159,#add_diamond,abcdefa12345,-0.01,0.07999999999999999,tradesub
2019-11-19T09:37:01.159,#add_diamond,falwlrgw1,0.0095,0.11199999999999997,tradeadd
2019-11-19T09:37:04.914,#add_diamond,abcdefa12345,-0.01,0.06999999999999999,tradesub
2019-11-19T09:37:04.914,#add_diamond,mengmeng5,0.0095,0.056,tradeadd
2019-11-19T10:11:39.956,#add_diamond,xudabing1234,-10,18.5279,shop
2019-11-19T11:21:15.740,#add_diamond,eostoken5552,-0.02,0.11000000000000001,tradesub
2019-11-19T11:21:15.741,#add_diamond,kemina222222,0.019,0.12849999999999998,tradeadd
2019-11-19T11:21:52.271,#add_diamond,eostoken5552,-0.01,0.09000000000000001,tradesub
2019-11-19T11:21:52.271,#add_diamond,kemina111111,0.0095,0.11849999999999998,tradeadd
2019-11-19T11:21:57.526,#add_diamond,eostoken5552,-0.01,0.08000000000000002,tradesub
2019-11-19T11:21:57.526,#add_diamond,ymmcwj555555,0.0095,9.223499999999989,tradeadd
2019-11-19T11:22:02.031,#add_diamond,eostoken5552,-0.01,0.07000000000000002,tradesub
2019-11-19T11:22:02.031,#add_diamond,a1b2c3d4cjq5,0.0095,0.08549999999999999,tradeadd
2019-11-19T12:10:28.479,#add_diamond,majinlin1234,-0.01,0.6978999999999935,tradesub
2019-11-19T12:10:28.480,#add_diamond,eoseos123,0.0095,0.028499999999999998,tradeadd
2019-11-19T13:29:52.790,#add_diamond,eos444444,0.3,0,exchange
2019-11-19T15:08:40.124,#add_diamond,majinlin1234,-0.01,0.6878999999999935,tradesub
2019-11-19T15:08:40.124,#add_diamond,eosyjbyeso13,0.0095,0.1999,tradeadd
2019-11-19T15:25:38.046,#add_diamond,fenghuo11113,-0.05,3.774899999999999,tradesub
2019-11-19T15:25:38.046,#add_diamond,fenghuo11112,0.0475,5.744399999999997,tradeadd
2019-11-19T15:25:57.315,#add_diamond,fenghuo11113,-0.05,3.724899999999999,tradesub
2019-11-19T15:25:57.315,#add_diamond,fenghuo11115,0.0475,2.754399999999997,tradeadd
2019-11-19T15:26:15.076,#add_diamond,fenghuo11113,-0.01,3.674899999999999,tradesub
2019-11-19T15:26:15.077,#add_diamond,fenghuo11115,0.0095,2.8018999999999967,tradeadd
2019-11-19T15:26:23.834,#add_diamond,fenghuo11113,-0.01,3.6648999999999994,tradesub
2019-11-19T15:26:23.834,#add_diamond,fenghuo11115,0.0095,2.811399999999997,tradeadd
2019-11-19T15:26:35.346,#add_diamond,fenghuo11113,-0.01,3.6548999999999996,tradesub
2019-11-19T15:26:35.346,#add_diamond,fenghuo11114,0.0095,2.6214000000000013,tradeadd
2019-11-19T15:27:29.645,#add_diamond,fenghuo11113,-0.05,3.6449,tradesub
2019-11-19T15:27:29.645,#add_diamond,fenghuo11115,0.0475,2.820899999999997,tradeadd
2019-11-19T15:27:57.668,#add_diamond,fenghuo11113,-0.01,3.5949,tradesub
2019-11-19T15:27:57.668,#add_diamond,fenghuo11111,0.0095,6.320899999999995,tradeadd
2019-11-19T15:28:04.674,#add_diamond,fenghuo11113,-0.01,3.5849,tradesub
2019-11-19T15:28:04.674,#add_diamond,fenghuo11111,0.0095,6.330399999999995,tradeadd
2019-11-19T15:28:24.190,#add_diamond,fenghuo11113,-0.01,3.5749000000000004,tradesub
2019-11-19T15:28:24.190,#add_diamond,fenghuo11112,0.0095,5.791899999999997,tradeadd
2019-11-19T15:29:08.233,#add_diamond,fenghuo11113,-0.05,3.5649000000000006,tradesub
2019-11-19T15:29:08.233,#add_diamond,fenghuo11112,0.0475,5.8013999999999974,tradeadd
2019-11-19T15:29:24.996,#add_diamond,fenghuo11113,-0.05,3.514900000000001,tradesub
2019-11-19T15:29:24.996,#add_diamond,fenghuo11114,0.0475,2.6309000000000013,tradeadd
2019-11-19T15:29:43.513,#add_diamond,fenghuo11113,-0.01,3.464900000000001,tradesub
2019-11-19T15:29:43.513,#add_diamond,fenghuo11112,0.0095,5.848899999999998,tradeadd
2019-11-19T16:31:14.832,#add_diamond,utroqc53ti1j,-0.01,0.026499999999999996,tradesub
2019-11-19T16:31:14.832,#add_diamond,fanwenlong11,0.0095,0.02499999999999999,tradeadd
2019-11-19T16:32:18.146,#add_diamond,utroqc53ti1j,-0.01,0.016499999999999994,tradesub
2019-11-19T16:32:18.146,#add_diamond,fanwenlong11,0.0095,0.03449999999999999,tradeadd
2019-11-19T16:35:20.829,#add_diamond,ut2kbirg3byq,-0.01,0.08549999999999999,tradesub
2019-11-19T16:35:20.829,#add_diamond,fanwenlong11,0.0095,0.04399999999999999,tradeadd
2019-11-19T16:36:17.126,#add_diamond,ut2kbirg3byq,-0.011,0.0755,tradesub
2019-11-19T16:36:17.127,#add_diamond,utroqc53ti1j,0.01045,0.006499999999999994,tradeadd
2019-11-19T16:37:20.176,#add_diamond,utroqc53ti1j,-0.01,0.016949999999999993,tradesub
2019-11-19T16:37:20.177,#add_diamond,ut2kbirg3byq,0.0095,0.0645,tradeadd
2019-11-19T17:37:27.014,#add_diamond,kemina333333,-0.01,0.10899999999999997,tradesub
2019-11-19T17:37:27.014,#add_diamond,kemina222222,0.0095,0.14749999999999996,tradeadd
2019-11-19T18:14:21.612,#add_diamond,eos444444,-0.3,0.3,unlock_hero
2019-11-19T18:16:03.956,#add_diamond,pokerismore1,-0.01,0.0665,tradesub
2019-11-19T18:16:03.956,#add_diamond,ddsmalldog32,0.0095,0.019,tradeadd
2019-11-19T18:20:46.469,#add_diamond,eos444444,0.9,0,exchange
2019-11-19T18:24:34.946,#add_diamond,eos444444,-0.9,0.9,shop
2019-11-19T19:01:00.424,#add_diamond,eostoken5552,-0.01,0.06000000000000002,tradesub
2019-11-19T19:01:00.425,#add_diamond,ymmcwj555555,0.0095,9.232999999999988,tradeadd
2019-11-19T19:01:05.430,#add_diamond,eostoken5552,-0.01,0.05000000000000002,tradesub
2019-11-19T19:01:05.430,#add_diamond,a1b2c3d4cjq5,0.0095,0.09499999999999999,tradeadd
2019-11-19T20:21:01.036,#add_diamond,strawberry34,-0.01,0.056,tradesub
2019-11-19T20:21:01.036,#add_diamond,poketoneone1,0.0095,0.019,tradeadd
2019-11-19T20:27:56.389,#add_diamond,yunshu112345,-0.01,0.07890000000000011,tradesub
2019-11-19T20:27:56.389,#add_diamond,xxxoooxxx,0.0095,0.038,tradeadd
2019-11-19T20:34:18.218,#add_diamond,uthdx3ssjphp,-0.011,0.03294999999999999,tradesub
2019-11-19T20:34:18.218,#add_diamond,utroqc53ti1j,0.01045,0.006949999999999993,tradeadd
2019-11-19T20:34:47.244,#add_diamond,utroqc53ti1j,-0.01,0.017399999999999992,tradesub
2019-11-19T20:34:47.244,#add_diamond,uthdx3ssjphp,0.0095,0.021949999999999994,tradeadd
2019-11-19T21:15:30.454,#add_diamond,pursonpurson,-0.1,42.08980000000001,unexchange
2019-11-19T23:29:48.710,#add_diamond,majinlin1234,-0.01,0.6778999999999935,tradesub
2019-11-19T23:29:48.710,#add_diamond,dududemaowu1,0.0095,0.0375,tradeadd
2019-11-19T23:29:50.459,#add_diamond,majinlin1234,-0.01,0.6678999999999935,tradesub
2019-11-19T23:29:50.459,#add_diamond,jiulian12345,0.0095,0,tradeadd
2019-11-19T23:30:17.985,#add_diamond,majinlin1234,-0.01,0.6578999999999935,tradesub
2019-11-19T23:30:17.985,#add_diamond,eosdappyx112,0.0095,0.10449999999999998,tradeadd
2019-11-19T23:30:20.238,#add_diamond,majinlin1234,-0.01,0.6478999999999935,tradesub
2019-11-19T23:30:20.238,#add_diamond,iloveyou5321,0.0095,0.5949999999999995,tradeadd
2019-11-19T23:30:25.745,#add_diamond,majinlin1234,-0.01,0.6378999999999935,tradesub
2019-11-19T23:30:25.745,#add_diamond,iloveyou5321,0.0095,0.6044999999999995,tradeadd
2019-11-19T23:34:34.218,#add_diamond,majinlin1234,-0.01,0.6278999999999935,tradesub
2019-11-19T23:34:34.218,#add_diamond,liucong12345,0.0095,0,tradeadd
2019-11-19T23:34:39.722,#add_diamond,majinlin1234,-0.01,0.6178999999999935,tradesub
2019-11-19T23:34:39.722,#add_diamond,kemina525252,0.0095,0.1475,tradeadd
2019-11-19T23:34:42.723,#add_diamond,majinlin1234,-0.01,0.6078999999999934,tradesub
2019-11-19T23:34:42.724,#add_diamond,kemina222222,0.0095,0.15699999999999997,tradeadd
2019-11-19T23:34:44.975,#add_diamond,majinlin1234,-0.01,0.5978999999999934,tradesub
2019-11-19T23:34:44.975,#add_diamond,pokerislost1,0.0095,0,tradeadd
2019-11-19T23:34:46.978,#add_diamond,majinlin1234,-0.01,0.5878999999999934,tradesub
2019-11-19T23:34:46.978,#add_diamond,ryin52rita52,0.0095,9.518009999999995,tradeadd
2019-11-19T23:34:59.739,#add_diamond,majinlin1234,-0.01,0.5778999999999934,tradesub
2019-11-19T23:34:59.739,#add_diamond,gogogo123,0.0095,0.028499999999999998,tradeadd
2019-11-19T23:35:02.239,#add_diamond,majinlin1234,-0.01,0.5678999999999934,tradesub
2019-11-19T23:35:02.239,#add_diamond,mengmeng5,0.0095,0.0655,tradeadd
2019-11-19T23:35:04.991,#add_diamond,majinlin1234,-0.01,0.5578999999999934,tradesub
2019-11-19T23:35:04.991,#add_diamond,eoseoseosdai,0.0095,0.0095,tradeadd
2019-11-19T23:35:07.995,#add_diamond,majinlin1234,-0.01,0.5478999999999934,tradesub
2019-11-19T23:35:07.995,#add_diamond,falwlrgw1,0.0095,0.12149999999999997,tradeadd
2019-11-19T23:35:10.249,#add_diamond,majinlin1234,-0.01,0.5378999999999934,tradesub
2019-11-19T23:35:10.249,#add_diamond,a1b2c3d4cjq5,0.0095,0.10449999999999998,tradeadd
2019-11-19T23:35:13.001,#add_diamond,majinlin1234,-0.01,0.5278999999999934,tradesub
2019-11-19T23:35:13.001,#add_diamond,ymmcwj555555,0.0095,9.242499999999987,tradeadd
2019-11-19T23:35:18.756,#add_diamond,majinlin1234,-0.01,0.5178999999999934,tradesub
2019-11-19T23:35:18.757,#add_diamond,kemina222222,0.0095,0.16649999999999998,tradeadd
2019-11-19T23:51:24.957,#add_diamond,xudabing1234,-0.3,8.527899999999999,tradesub
2019-11-19T23:51:24.957,#add_diamond,showtimetome,0.285,0.0032999999999999696,tradeadd
2019-11-19T23:59:19.184,#add_diamond,majinlin1234,-0.01,0.5078999999999934,tradesub
2019-11-19T23:59:19.184,#add_diamond,a1b2c3d4cjq5,0.0095,0.11399999999999998,tradeadd
